{
    "Hive_1": {
        "Humidities": [
            56.20000076293945,
            0
        ],
        "Temperatures": [
            29.5,
            0
        ],
        "Weight": -0.00012195121951219512
        
    },
    "Hive_2": {
        "Humidities": [
            57.900001525878906,
            62.79999923706055
        ],
        "Temperatures": [
            30.200000762939453,
            30.0
        ],
        "Weight": 0
        
    },
    "Hive_3": {
        "Humidities": [
            60.5,
            56.599998474121094
        ],
        "Temperatures": [
            29.899999618530273,
            29.700000762939453
        ],
        "Weight": 0
        
    },
    "Outside": {
        "Humidity": 55.599998474121094,
        "Temperature": 29.799999237060547
    },
    "Timestamp": "2019-01-20 04:28:29.416221"
}