{
    "Ratio1": -1.3205714285714285,
    "Ratio2": -144.88333333333333,
    "Ratio3": -0.4995
}