{
    "Ratio1": 2.200857142857143,
    "Ratio2": 0.010285714285714285,
    "Ratio3": -116.83444444444444
}