{
    "Ratio1": 13.422380952380953,
    "Ratio2": 14.984761904761905,
    "Ratio3": -13.771428571428572
}