{
    "Hive_1": {
        "Humidities": [
            71.69999694824219,
            82.0
        ],
        "Temperatures": [
            31.600000381469727,
            31.399999618530273
        ],
        "Weight": -6.120417993305575
    },
    "Hive_2": {
        "Humidities": [
            82.9000015258789,
            69.80000305175781
        ],
        "Temperatures": [
            31.5,
            31.5
        ],
        "Weight": 6.062992125984252
    },
    "Hive_3": {
        "Humidities": [
            75.4000015258789,
            62.70000076293945
        ],
        "Temperatures": [
            31.600000381469727,
            31.700000762939453
        ],
        "Weight": 6.999046310061428
    },
    "Outside": {
        "Humidity": 0,
        "Temperature": 0
    },
    "Timestamp": "2019-04-13 01:15:45.900510"
}