{
    "Hive_1": {
        "Humidities": [
            71.80000305175781,
            82.19999694824219
        ],
        "Temperatures": [
            31.299999237060547,
            31.0
        ],
        "Weight": -8.029716711568291
    },
    "Hive_2": {
        "Humidities": [
            82.9000015258789,
            69.80000305175781
        ],
        "Temperatures": [
            31.200000762939453,
            31.100000381469727
        ],
        "Weight": 9.291338582677165
    },
    "Hive_3": {
        "Humidities": [
            75.0999984741211,
            62.79999923706055
        ],
        "Temperatures": [
            31.299999237060547,
            31.299999237060547
        ],
        "Weight": 9.660346133348291
    },
    "Outside": {
        "Humidity": 0,
        "Temperature": 0
    },
    "Timestamp": "2019-04-13 00:41:23.636795"
}