{
    "Hive_1": {
        "Humidities": [
            68.4000015258789,
            78.9000015258789
        ],
        "Temperatures": [
            32.20000076293945,
            32.099998474121094
        ],
        "Weight": 0.0
    },
    "Hive_2": {
        "Humidities": [
            79.5999984741211,
            67.0999984741211
        ],
        "Temperatures": [
            32.099998474121094,
            32.0
        ],
        "Weight": 9.165354330708663
    },
    "Hive_3": {
        "Humidities": [
            72.5,
            60.5
        ],
        "Temperatures": [
            32.20000076293945,
            31.899999618530273
        ],
        "Weight": 10.60475161987041
    },
    "Outside": {
        "Humidity": 0,
        "Temperature": 0
    },
    "Timestamp": "2019-04-13 08:36:32.547010"
}:36:32.546970"
}