{
    "Hive_1": {
        "Humidities": [
            71.5999984741211,
            81.9000015258789
        ],
        "Temperatures": [
            31.200000762939453,
            30.899999618530273
        ],
        "Weight": -7.8833374152992075
    },
    "Hive_2": {
        "Humidities": [
            81.9000015258789,
            69.5
        ],
        "Temperatures": [
            31.100000381469727,
            31.100000381469727
        ],
        "Weight": 9.511811023622048
    },
    "Hive_3": {
        "Humidities": [
            74.9000015258789,
            62.79999923706055
        ],
        "Temperatures": [
            31.299999237060547,
            31.299999237060547
        ],
        "Weight": 9.931614821463633
    },
    "Outside": {
        "Humidity": 0,
        "Temperature": 0
    },
    "Timestamp": "2019-04-13 00:40:14.690901"
}