{
    "Hive_1": {
        "Humidities": [
            73.0999984741211,
            84.19999694824219
        ],
        "Temperatures": [
            30.899999618530273,
            30.899999618530273
        ],
        "Weight": 3.9505673932565926
    },
    "Hive_2": {
        "Humidities": [
            81.4000015258789,
            76.4000015258789
        ],
        "Temperatures": [
            30.899999618530273,
            30.899999618530273
        ],
        "Weight": 9.259842519685039
    },
    "Hive_3": {
        "Humidities": [
            70.80000305175781,
            63.29999923706055
        ],
        "Temperatures": [
            30.799999237060547,
            31.100000381469727
        ],
        "Weight": 10.578917842416763
    },
    "Outside": {
        "Humidity": 0,
        "Temperature": 0
    },
    "Timestamp": "2019-04-10 00:44:31.362753"
}